WT,,,,eSp,,,,Sp,,
1,A,-0.03252,,1,A,-0.04962,,1,A,-0.03545
1,T,0,,1,T,0,,1,T,0
1,G,0.03252,,1,G,0.04962,,1,G,0.03545
1,C,0,,1,C,0,,1,C,0
2,A,-0.00639,,2,A,0.00015,,2,A,-0.01836
2,T,-0.03306,,2,T,-0.03542,,2,T,-0.0307
2,G,0.04989,,2,G,0.05584,,2,G,0.05735
2,C,-0.01044,,2,C,-0.02056,,2,C,-0.00829
3,A,0.03262,,3,A,0.03152,,3,A,0.02622
3,T,-0.01465,,3,T,-0.01825,,3,T,-0.0169
3,G,0.01009,,3,G,0.01857,,3,G,0.01584
3,C,-0.02807,,3,C,-0.03184,,3,C,-0.02517
4,A,0.00101,,4,A,-0.00238,,4,A,-0.00796
4,T,-0.02188,,4,T,-0.02439,,4,T,-0.02646
4,G,0.03596,,4,G,0.04025,,4,G,0.04268
4,C,-0.01509,,4,C,-0.01348,,4,C,-0.00827
5,A,0.00623,,5,A,0.00357,,5,A,-0.00165
5,T,-0.01392,,5,T,-0.01619,,5,T,-0.01766
5,G,0.00838,,5,G,0.01371,,5,G,0.0132
5,C,-0.00069,,5,C,-0.0011,,5,C,0.00611
6,A,0.00086,,6,A,-0.00302,,6,A,-0.00821
6,T,-0.00822,,6,T,-0.01095,,6,T,-0.01239
6,G,0.00489,,6,G,0.01018,,6,G,0.01003
6,C,0.00247,,6,C,0.00378,,6,C,0.01057
7,A,0.00815,,7,A,0.00363,,7,A,-0.00128
7,T,-0.01578,,7,T,-0.0181,,7,T,-0.02019
7,G,0.00681,,7,G,0.0116,,7,G,0.01185
7,C,0.00082,,7,C,0.00288,,7,C,0.00962
8,A,0.01748,,8,A,0.01256,,8,A,0.00801
8,T,-0.01493,,8,T,-0.01724,,8,T,-0.01898
8,G,0.00632,,8,G,0.01168,,8,G,0.01182
8,C,-0.00887,,8,C,-0.007,,8,C,-0.00084
9,A,0.02099,,9,A,0.01663,,9,A,0.01192
9,T,-0.01128,,9,T,-0.01471,,9,T,-0.01605
9,G,0.00755,,9,G,0.01419,,9,G,0.01427
9,C,-0.01727,,9,C,-0.01611,,9,C,-0.01014
10,A,0.03835,,10,A,0.0345,,10,A,0.0304
10,T,-0.00891,,10,T,-0.01153,,10,T,-0.01286
10,G,-0.00699,,10,G,-0.00052,,10,G,-0.00063
10,C,-0.02245,,10,C,-0.02245,,10,C,-0.01692
11,A,0.03002,,11,A,0.02662,,11,A,0.02155
11,T,-0.01453,,11,T,-0.01737,,11,T,-0.01878
11,G,-0.00542,,11,G,0.00083,,11,G,0.00085
11,C,-0.01006,,11,C,-0.01008,,11,C,-0.00362
12,A,0.05079,,12,A,0.04864,,12,A,0.04465
12,T,-0.02194,,12,T,-0.02434,,12,T,-0.02547
12,G,-0.01045,,12,G,-0.00559,,12,G,-0.0057
12,C,-0.0184,,12,C,-0.01871,,12,C,-0.01348
13,A,0.009,,13,A,0.00644,,13,A,0.00071
13,T,-0.01559,,13,T,-0.01944,,13,T,-0.02097
13,G,0.00394,,13,G,0.01069,,13,G,0.01022
13,C,0.00265,,13,C,0.00232,,13,C,0.01004
14,A,0.03103,,14,A,0.02934,,14,A,0.025
14,T,0.02807,,14,T,0.02334,,14,T,0.02467
14,G,-0.04739,,14,G,-0.04212,,14,G,-0.0451
14,C,-0.01172,,14,C,-0.01057,,14,C,-0.00457
15,A,0.01175,,15,A,0.00943,,15,A,0.00428
15,T,0.02207,,15,T,0.01908,,15,T,0.01819
15,G,-0.03124,,15,G,-0.02626,,15,G,-0.026
15,C,-0.00258,,15,C,-0.00226,,15,C,0.00353
16,A,0.02003,,16,A,0.01767,,16,A,0.01188
16,T,-0.03098,,16,T,-0.03239,,16,T,-0.03554
16,G,-0.04252,,16,G,-0.03758,,16,G,-0.03884
16,C,0.05346,,16,C,0.05231,,16,C,0.0625
17,A,0.05022,,17,A,0.04324,,17,A,0.04131
17,T,-0.0459,,17,T,-0.04748,,17,T,-0.05037
17,G,-0.02136,,17,G,-0.01696,,17,G,-0.01587
17,C,0.01703,,17,C,0.02121,,17,C,0.02494
18,A,-0.00741,,18,A,-0.01382,,18,A,-0.01834
18,T,-0.05051,,18,T,-0.05216,,18,T,-0.05634
18,G,-0.00456,,18,G,-0.00202,,18,G,-0.00156
18,C,0.06248,,18,C,0.068,,18,C,0.07624
19,A,-0.00702,,19,A,-0.01362,,19,A,-0.0193
19,T,-0.03857,,19,T,-0.04079,,19,T,-0.04063
19,G,0.01934,,19,G,0.02349,,19,G,0.02268
19,C,0.02625,,19,C,0.03092,,19,C,0.03725
20,A,-0.01074,,20,A,-0.01927,,20,A,-0.02445
20,T,-0.0738,,20,T,-0.07866,,20,T,-0.0808
20,G,0.17355,,20,G,0.18639,,20,G,0.19374
20,C,-0.089,,20,C,-0.08846,,20,C,-0.08848
N,A,0.04526,,N,A,0.04498,,N,A,0.04015
N,T,-0.01087,,N,T,-0.00323,,N,T,-0.00182
N,G,0.02088,,N,G,0.02394,,N,G,0.02644
N,C,-0.05528,,N,C,-0.06568,,N,C,-0.06476
G\-(1),A,0,,G\-(1),A,0,,G\-(1),A,0
G\-(1),T,0,,G\-(1),T,0,,G\-(1),T,0
G\-(1),G,0,,G\-(1),G,0,,G\-(1),G,0
G\-(1),C,0,,G\-(1),C,0,,G\-(1),C,0
G\-(2),A,0,,G\-(2),A,0,,G\-(2),A,0
G\-(2),T,0,,G\-(2),T,0,,G\-(2),T,0
G\-(2),G,0,,G\-(2),G,0,,G\-(2),G,0
G\-(2),C,0,,G\-(2),C,0,,G\-(2),C,0
